ID,Include,ShortDescription,LongDescription,CategoryIndex,Category,ID_MODEL,PARM,Count,PARM_VOL,Consideration
1,1,Item 01,Item 01,1,Category 1,1,IDX_1,0,IDX_1,1
2,1,Item 02,Item 02,1,Category 1,2,IDX_2,0,IDX_2,1
3,1,Item 03,Item 03,2,Category 2,3,IDX_3,0,IDX_3,1
4,1,Item 04,Item 04,2,Category 2,4,IDX_4,0,IDX_4,1
5,1,Item 05,Item 05,2,Category 2,5,IDX_5,0,IDX_5,1
6,1,Item 06,Item 06,2,Category 2,6,IDX_6,0,IDX_6,1
7,1,Item 07,Item 07,2,Category 2,7,IDX_7,0,IDX_7,1
8,1,Item 08,Item 08,2,Category 2,8,IDX_8,0,IDX_8,1
9,1,Item 09,Item 09,2,Category 2,9,IDX_9,0,IDX_9,1
10,1,Item 10,Item 10,2,Category 2,10,IDX_10,0,IDX_10,1
11,1,Item 11,Item 11,2,Category 2,11,IDX_11,0,IDX_11,1
12,1,Item 12,Item 12,2,Category 2,12,IDX_12,0,IDX_12,1
13,1,Item 13,Item 13,2,Category 2,13,IDX_13,0,IDX_13,1
14,1,Item 14,Item 14,2,Category 2,14,IDX_14,0,IDX_14,1
15,1,Item 15,Item 15,2,Category 2,15,IDX_15,0,IDX_15,1
16,1,Item 16,Item 16,2,Category 2,16,IDX_16,0,IDX_16,1
17,1,Item 17,Item 17,2,Category 2,17,IDX_17,0,IDX_17,1
18,1,Item 18,Item 18,2,Category 2,18,IDX_18,0,IDX_18,1
19,1,Item 19,Item 19,2,Category 2,19,IDX_19,0,IDX_19,1
20,1,Item 20,Item 20,2,Category 2,20,IDX_20,0,IDX_20,1
21,1,Item 21,Item 21,2,Category 2,21,IDX_21,0,IDX_21,1
22,1,Item 22,Item 22,3,Category 3,22,IDX_22,0,IDX_22,1
23,1,Item 23,Item 23,3,Category 3,23,IDX_23,0,IDX_23,1
24,1,Item 24,Item 24,3,Category 3,24,IDX_24,0,IDX_24,1
25,1,Item 25,Item 25,3,Category 3,25,IDX_25,0,IDX_25,1
26,1,Item 26,Item 26,3,Category 3,26,IDX_26,0,IDX_26,1
27,0,Item 27,Item 27,3,Category 3,27,IDX_27,0,IDX_27,0
28,0,Item 28,Item 28,3,Category 3,28,IDX_28,0,IDX_28,0
29,0,Item 29,Item 29,3,Category 3,29,IDX_29,0,IDX_29,0
30,0,Item 30,Item 30,3,Category 3,30,IDX_30,0,IDX_30,0
31,0,Item 31,Item 31,3,Category 3,31,IDX_31,0,IDX_31,0
32,0,Item 32,Item 32,3,Category 3,32,IDX_32,0,IDX_32,0
33,0,Item 33,Item 33,3,Category 3,33,IDX_33,0,IDX_33,0
34,0,Item 34,Item 34,3,Category 3,34,IDX_34,0,IDX_34,0
35,0,Item 35,Item 35,3,Category 3,35,IDX_35,0,IDX_35,0
36,0,Item 36,Item 36,3,Category 3,36,IDX_36,0,IDX_36,0
37,0,Item 37,Item 37,3,Category 3,37,IDX_37,0,IDX_37,0
38,0,Item 38,Item 38,3,Category 3,38,IDX_38,0,IDX_38,0
39,0,Item 39,Item 39,3,Category 3,39,IDX_39,0,IDX_39,0
40,0,Item 40,Item 40,3,Category 3,40,IDX_40,0,IDX_40,0
41,0,Item 41,Item 41,3,Category 3,41,IDX_41,0,IDX_41,0
42,0,Item 42,Item 42,3,Category 3,42,IDX_42,0,IDX_42,0
43,0,Item 43,Item 43,3,Category 3,43,IDX_43,0,IDX_43,0
44,0,Item 44,Item 44,3,Category 3,44,IDX_44,0,IDX_44,0
45,0,Item 45,Item 45,3,Category 3,45,IDX_45,0,IDX_45,0
46,0,Item 46,Item 46,3,Category 3,46,IDX_46,0,IDX_46,0
47,0,Item 47,Item 47,3,Category 3,47,IDX_47,0,IDX_47,0
48,0,Item 48,Item 48,3,Category 3,48,IDX_48,0,IDX_48,0
49,0,Item 49,Item 49,3,Category 3,49,IDX_49,0,IDX_49,0
50,0,Item 50,Item 50,3,Category 3,50,IDX_50,0,IDX_50,0
51,0,Item 51,Item 51,3,Category 3,51,IDX_51,0,IDX_51,0
52,0,Item 52,Item 52,3,Category 3,52,IDX_52,0,IDX_52,0
53,0,Item 53,Item 53,3,Category 3,53,IDX_53,0,IDX_53,0
54,0,Item 54,Item 54,3,Category 3,54,IDX_54,0,IDX_54,0
55,0,Item 55,Item 55,3,Category 3,55,IDX_55,0,IDX_55,0
56,0,Item 56,Item 56,3,Category 3,56,IDX_56,0,IDX_56,0
57,0,Item 57,Item 57,3,Category 3,57,IDX_57,0,IDX_57,0
58,0,Item 58,Item 58,3,Category 3,58,IDX_58,0,IDX_58,0
59,0,Item 59,Item 59,3,Category 3,59,IDX_59,0,IDX_59,0
60,0,Item 60,Item 60,3,Category 3,60,IDX_60,0,IDX_60,0
61,0,Item 61,Item 61,3,Category 3,61,IDX_61,0,IDX_61,0
62,0,Item 62,Item 62,3,Category 3,62,IDX_62,0,IDX_62,0
63,0,Item 63,Item 63,3,Category 3,63,IDX_63,0,IDX_63,0
64,0,Item 64,Item 64,3,Category 3,64,IDX_64,0,IDX_64,0
65,0,Item 65,Item 65,3,Category 3,65,IDX_65,0,IDX_65,0
66,0,Item 66,Item 66,3,Category 3,66,IDX_66,0,IDX_66,0
67,0,Item 67,Item 67,3,Category 3,67,IDX_67,0,IDX_67,0
68,0,Item 68,Item 68,3,Category 3,68,IDX_68,0,IDX_68,0
69,0,Item 69,Item 69,3,Category 3,69,IDX_69,0,IDX_69,0
70,0,Item 70,Item 70,3,Category 3,70,IDX_70,0,IDX_70,0
71,0,Item 71,Item 71,3,Category 3,71,IDX_71,0,IDX_71,0
72,0,Item 72,Item 72,3,Category 3,72,IDX_72,0,IDX_72,0
73,0,Item 73,Item 73,3,Category 3,73,IDX_73,0,IDX_73,0
74,0,Item 74,Item 74,3,Category 3,74,IDX_74,0,IDX_74,0
75,0,Item 75,Item 75,3,Category 3,75,IDX_75,0,IDX_75,0
76,0,Item 76,Item 76,3,Category 3,76,IDX_76,0,IDX_76,0
77,0,Item 77,Item 77,3,Category 3,77,IDX_77,0,IDX_77,0
78,0,Item 78,Item 78,3,Category 3,78,IDX_78,0,IDX_78,0
79,0,Item 79,Item 79,3,Category 3,79,IDX_79,0,IDX_79,0
80,0,Item 80,Item 80,3,Category 3,80,IDX_80,0,IDX_80,0
81,0,Item 81,Item 81,3,Category 3,81,IDX_81,0,IDX_81,0
82,0,Item 82,Item 82,3,Category 3,82,IDX_82,0,IDX_82,0
83,0,Item 83,Item 83,3,Category 3,83,IDX_83,0,IDX_83,0
84,0,Item 84,Item 84,3,Category 3,84,IDX_84,0,IDX_84,0
85,0,Item 85,Item 85,3,Category 3,85,IDX_85,0,IDX_85,0
86,0,Item 86,Item 86,3,Category 3,86,IDX_86,0,IDX_86,0
87,0,Item 87,Item 87,3,Category 3,87,IDX_87,0,IDX_87,0
88,0,Item 88,Item 88,3,Category 3,88,IDX_88,0,IDX_88,0
89,0,Item 89,Item 89,3,Category 3,89,IDX_89,0,IDX_89,0
90,0,Item 90,Item 90,3,Category 3,90,IDX_90,0,IDX_90,0
91,0,Item 91,Item 91,3,Category 3,91,IDX_91,0,IDX_91,0
92,0,Item 92,Item 92,3,Category 3,92,IDX_92,0,IDX_92,0
93,0,Item 93,Item 93,3,Category 3,93,IDX_93,0,IDX_93,0
94,0,Item 94,Item 94,3,Category 3,94,IDX_94,0,IDX_94,0
95,0,Item 95,Item 95,3,Category 3,95,IDX_95,0,IDX_95,0
96,0,Item 96,Item 96,3,Category 3,96,IDX_96,0,IDX_96,0
97,0,Item 97,Item 97,3,Category 3,97,IDX_97,0,IDX_97,0
98,0,Item 98,Item 98,3,Category 3,98,IDX_98,0,IDX_98,0
99,0,Item 99,Item 99,3,Category 3,99,IDX_99,0,IDX_99,0
100,0,Item 100,Item 100,3,Category 3,100,IDX_100,0,IDX_100,0
101,0,Item 101,Item 101,3,Category 3,101,IDX_101,0,IDX_101,0
102,0,Item 102,Item 102,3,Category 3,102,IDX_102,0,IDX_102,0
103,0,Item 103,Item 103,3,Category 3,103,IDX_103,0,IDX_103,0
104,0,Item 104,Item 104,3,Category 3,104,IDX_104,0,IDX_104,0
105,0,Item 105,Item 105,3,Category 3,105,IDX_105,0,IDX_105,0
106,0,Item 106,Item 106,3,Category 3,106,IDX_106,0,IDX_106,0
107,0,Item 107,Item 107,3,Category 3,107,IDX_107,0,IDX_107,0
108,0,Item 108,Item 108,3,Category 3,108,IDX_108,0,IDX_108,0
109,0,Item 109,Item 109,3,Category 3,109,IDX_109,0,IDX_109,0
110,0,Item 110,Item 110,3,Category 3,110,IDX_110,0,IDX_110,0
111,0,Item 111,Item 111,3,Category 3,111,IDX_111,0,IDX_111,0
112,0,Item 112,Item 112,3,Category 3,112,IDX_112,0,IDX_112,0
113,0,Item 113,Item 113,3,Category 3,113,IDX_113,0,IDX_113,0
114,0,Item 114,Item 114,3,Category 3,114,IDX_114,0,IDX_114,0
115,0,Item 115,Item 115,3,Category 3,115,IDX_115,0,IDX_115,0
116,0,Item 116,Item 116,3,Category 3,116,IDX_116,0,IDX_116,0
117,0,Item 117,Item 117,3,Category 3,117,IDX_117,0,IDX_117,0
118,0,Item 118,Item 118,3,Category 3,118,IDX_118,0,IDX_118,0
119,0,Item 119,Item 119,3,Category 3,119,IDX_119,0,IDX_119,0
120,0,Item 120,Item 120,3,Category 3,120,IDX_120,0,IDX_120,0
121,0,Item 121,Item 121,3,Category 3,121,IDX_121,0,IDX_121,0
122,0,Item 122,Item 122,3,Category 3,122,IDX_122,0,IDX_122,0
123,0,Item 123,Item 123,3,Category 3,123,IDX_123,0,IDX_123,0
124,0,Item 124,Item 124,3,Category 3,124,IDX_124,0,IDX_124,0
125,0,Item 125,Item 125,3,Category 3,125,IDX_125,0,IDX_125,0
126,0,Item 126,Item 126,3,Category 3,126,IDX_126,0,IDX_126,0
127,0,Item 127,Item 127,3,Category 3,127,IDX_127,0,IDX_127,0
128,0,Item 128,Item 128,3,Category 3,128,IDX_128,0,IDX_128,0
129,0,Item 129,Item 129,3,Category 3,129,IDX_129,0,IDX_129,0
130,0,Item 130,Item 130,3,Category 3,130,IDX_130,0,IDX_130,0
131,0,Item 131,Item 131,3,Category 3,131,IDX_131,0,IDX_131,0
132,0,Item 132,Item 132,3,Category 3,132,IDX_132,0,IDX_132,0
133,0,Item 133,Item 133,3,Category 3,133,IDX_133,0,IDX_133,0
134,0,Item 134,Item 134,3,Category 3,134,IDX_134,0,IDX_134,0
135,0,Item 135,Item 135,3,Category 3,135,IDX_135,0,IDX_135,0
136,0,Item 136,Item 136,3,Category 3,136,IDX_136,0,IDX_136,0
137,0,Item 137,Item 137,3,Category 3,137,IDX_137,0,IDX_137,0
138,0,Item 138,Item 138,3,Category 3,138,IDX_138,0,IDX_138,0
139,0,Item 139,Item 139,3,Category 3,139,IDX_139,0,IDX_139,0
140,0,Item 140,Item 140,3,Category 3,140,IDX_140,0,IDX_140,0
141,0,Item 141,Item 141,3,Category 3,141,IDX_141,0,IDX_141,0
142,0,Item 142,Item 142,3,Category 3,142,IDX_142,0,IDX_142,0
143,0,Item 143,Item 143,3,Category 3,143,IDX_143,0,IDX_143,0
144,0,Item 144,Item 144,3,Category 3,144,IDX_144,0,IDX_144,0
145,0,Item 145,Item 145,3,Category 3,145,IDX_145,0,IDX_145,0
146,0,Item 146,Item 146,3,Category 3,146,IDX_146,0,IDX_146,0
147,0,Item 147,Item 147,3,Category 3,147,IDX_147,0,IDX_147,0
148,0,Item 148,Item 148,3,Category 3,148,IDX_148,0,IDX_148,0
149,0,Item 149,Item 149,3,Category 3,149,IDX_149,0,IDX_149,0
150,0,Item 150,Item 150,3,Category 3,150,IDX_150,0,IDX_150,0
151,0,Item 151,Item 151,3,Category 3,151,IDX_151,0,IDX_151,0
152,0,Item 152,Item 152,3,Category 3,152,IDX_152,0,IDX_152,0
153,0,Item 153,Item 153,3,Category 3,153,IDX_153,0,IDX_153,0
154,0,Item 154,Item 154,3,Category 3,154,IDX_154,0,IDX_154,0
155,0,Item 155,Item 155,3,Category 3,155,IDX_155,0,IDX_155,0
156,0,Item 156,Item 156,3,Category 3,156,IDX_156,0,IDX_156,0
157,0,Item 157,Item 157,3,Category 3,157,IDX_157,0,IDX_157,0
158,0,Item 158,Item 158,3,Category 3,158,IDX_158,0,IDX_158,0
159,0,Item 159,Item 159,3,Category 3,159,IDX_159,0,IDX_159,0
160,0,Item 160,Item 160,3,Category 3,160,IDX_160,0,IDX_160,0
161,0,Item 161,Item 161,3,Category 3,161,IDX_161,0,IDX_161,0
162,0,Item 162,Item 162,3,Category 3,162,IDX_162,0,IDX_162,0
163,0,Item 163,Item 163,3,Category 3,163,IDX_163,0,IDX_163,0
164,0,Item 164,Item 164,3,Category 3,164,IDX_164,0,IDX_164,0
165,0,Item 165,Item 165,3,Category 3,165,IDX_165,0,IDX_165,0
166,0,Item 166,Item 166,3,Category 3,166,IDX_166,0,IDX_166,0
167,0,Item 167,Item 167,3,Category 3,167,IDX_167,0,IDX_167,0
168,0,Item 168,Item 168,3,Category 3,168,IDX_168,0,IDX_168,0
169,0,Item 169,Item 169,3,Category 3,169,IDX_169,0,IDX_169,0
170,0,Item 170,Item 170,3,Category 3,170,IDX_170,0,IDX_170,0
171,0,Item 171,Item 171,3,Category 3,171,IDX_171,0,IDX_171,0
172,0,Item 172,Item 172,3,Category 3,172,IDX_172,0,IDX_172,0
173,0,Item 173,Item 173,3,Category 3,173,IDX_173,0,IDX_173,0
174,0,Item 174,Item 174,3,Category 3,174,IDX_174,0,IDX_174,0
175,0,Item 175,Item 175,3,Category 3,175,IDX_175,0,IDX_175,0
176,0,Item 176,Item 176,3,Category 3,176,IDX_176,0,IDX_176,0
177,0,Item 177,Item 177,3,Category 3,177,IDX_177,0,IDX_177,0
178,0,Item 178,Item 178,3,Category 3,178,IDX_178,0,IDX_178,0
179,0,Item 179,Item 179,3,Category 3,179,IDX_179,0,IDX_179,0
180,0,Item 180,Item 180,3,Category 3,180,IDX_180,0,IDX_180,0
181,0,Item 181,Item 181,3,Category 3,181,IDX_181,0,IDX_181,0
182,0,Item 182,Item 182,3,Category 3,182,IDX_182,0,IDX_182,0
183,0,Item 183,Item 183,3,Category 3,183,IDX_183,0,IDX_183,0
184,0,Item 184,Item 184,3,Category 3,184,IDX_184,0,IDX_184,0
185,0,Item 185,Item 185,3,Category 3,185,IDX_185,0,IDX_185,0
186,0,Item 186,Item 186,3,Category 3,186,IDX_186,0,IDX_186,0
187,0,Item 187,Item 187,3,Category 3,187,IDX_187,0,IDX_187,0
188,0,Item 188,Item 188,3,Category 3,188,IDX_188,0,IDX_188,0
189,0,Item 189,Item 189,3,Category 3,189,IDX_189,0,IDX_189,0
190,0,Item 190,Item 190,3,Category 3,190,IDX_190,0,IDX_190,0
191,0,Item 191,Item 191,3,Category 3,191,IDX_191,0,IDX_191,0
192,0,Item 192,Item 192,3,Category 3,192,IDX_192,0,IDX_192,0
193,0,Item 193,Item 193,3,Category 3,193,IDX_193,0,IDX_193,0
194,0,Item 194,Item 194,3,Category 3,194,IDX_194,0,IDX_194,0
195,0,Item 195,Item 195,3,Category 3,195,IDX_195,0,IDX_195,0
196,0,Item 196,Item 196,3,Category 3,196,IDX_196,0,IDX_196,0
197,0,Item 197,Item 197,3,Category 3,197,IDX_197,0,IDX_197,0
198,0,Item 198,Item 198,3,Category 3,198,IDX_198,0,IDX_198,0
199,0,Item 199,Item 199,3,Category 3,199,IDX_199,0,IDX_199,0
200,0,Item 200,Item 200,3,Category 3,200,IDX_200,0,IDX_200,0
